Date,Adj Close,Close,High,Low,Open,Volume,Ticker
2023-01-03,89.09033203125,89.69999694824219,91.55000305175781,89.0199966430664,89.83000183105469,20738500,GOOG
2023-01-04,88.10706329345703,88.70999908447266,91.23999786376953,87.80000305175781,91.01000213623047,27046500,GOOG
2023-01-05,86.18023681640625,86.7699966430664,88.20999908447266,86.55999755859375,88.06999969482422,23136100,GOOG
2023-01-06,87.560791015625,88.16000366210938,88.47000122070312,85.56999969482422,87.36000061035156,26612600,GOOG
2023-01-09,88.19644927978516,88.80000305175781,90.83000183105469,88.58000183105469,89.19499969482422,22996700,GOOG
2023-01-10,88.63345336914062,89.23999786376953,89.4749984741211,86.69999694824219,86.72000122070312,22855600,GOOG
2023-01-11,91.6329345703125,92.26000213623047,92.44999694824219,89.73999786376953,90.05999755859375,25998800,GOOG
2023-01-12,91.28531646728516,91.91000366210938,92.62000274658203,90.56999969482422,92.4000015258789,22754200,GOOG
2023-01-13,92.16926574707031,92.80000305175781,92.9800033569336,90.93000030517578,91.52799987792969,18630700,GOOG
2023-01-17,91.53361511230469,92.16000366210938,92.97000122070312,90.83999633789062,92.77999877929688,22935800,GOOG
2023-01-18,91.15618896484375,91.77999877929688,93.58799743652344,91.4000015258789,92.94000244140625,19641600,GOOG
2023-01-19,93.271728515625,93.91000366210938,94.4000015258789,91.37999725341797,91.38999938964844,28707700,GOOG
2023-01-20,98.60521697998047,99.27999877929688,99.41999816894531,95.91000366210938,95.94999694824219,53704800,GOOG
2023-01-23,100.52210235595703,101.20999908447266,101.4000015258789,98.75,99.12999725341797,31791800,GOOG
2023-01-24,98.53569030761719,99.20999908447266,101.08999633789062,98.69999694824219,99.55000305175781,27391400,GOOG
2023-01-25,96.07255554199219,96.7300033569336,97.72000122070312,95.26200103759766,97.19999694824219,31000900,GOOG
2023-01-26,98.48603820800781,99.16000366210938,99.20999908447266,96.81999969482422,98.27999877929688,24542100,GOOG
2023-01-27,100.0254898071289,100.70999908447266,101.58000183105469,98.97000122070312,99.05000305175781,29020400,GOOG
2023-01-30,97.28424835205078,97.94999694824219,99.40899658203125,97.5199966430664,98.74500274658203,24365100,GOOG
2023-01-31,99.19121551513672,99.87000274658203,99.91000366210938,97.79000091552734,97.86000061035156,22306800,GOOG
2023-02-01,100.74059295654297,101.43000030517578,102.19000244140625,98.41999816894531,99.73999786376953,26392600,GOOG
2023-02-02,108.06051635742188,108.80000305175781,108.81999969482422,106.54000091552734,106.79000091552734,46622600,GOOG
2023-02-03,104.50484466552734,105.22000122070312,108.0199966430664,103.30000305175781,103.51000213623047,36823400,GOOG
2023-02-06,102.76673126220703,103.47000122070312,104.69999694824219,102.20999908447266,102.68499755859375,25573000,GOOG
2023-02-07,107.30567169189453,108.04000091552734,108.66999816894531,103.5479965209961,103.62999725341797,33738800,GOOG
2023-02-08,99.32032012939453,100.0,103.58000183105469,98.45500183105469,102.69000244140625,73546000,GOOG
2023-02-09,94.81118774414062,95.45999908447266,100.61000061035156,93.86000061035156,100.54000091552734,97798600,GOOG
2023-02-10,94.21526336669922,94.86000061035156,97.0199966430664,94.52999877929688,95.73999786376953,49325300,GOOG
2023-02-13,94.35431671142578,95.0,95.3499984741211,94.05000305175781,95.01000213623047,43116600,GOOG
2023-02-14,94.30464172363281,94.94999694824219,95.17500305175781,92.6500015258789,94.66000366210938,42513100,GOOG
2023-02-15,96.44002532958984,97.0999984741211,97.33999633789062,94.36000061035156,94.73999786376953,36964500,GOOG
2023-02-16,95.12901306152344,95.77999877929688,97.87999725341797,94.97000122070312,95.54000091552734,35642100,GOOG
2023-02-17,93.94709014892578,94.58999633789062,95.75,93.44999694824219,95.06999969482422,31095100,GOOG
2023-02-21,91.42436981201172,92.05000305175781,93.41500091552734,92.0,93.23999786376953,28367200,GOOG
2023-02-22,91.17606353759766,91.80000305175781,92.36000061035156,90.87000274658203,91.93399810791016,29891100,GOOG
2023-02-23,90.4510269165039,91.06999969482422,92.12999725341797,90.01000213623047,92.12999725341797,32423700,GOOG
2023-02-24,88.74270629882812,89.3499984741211,90.12999725341797,88.86000061035156,89.62999725341797,31295600,GOOG
2023-02-27,89.48760223388672,90.0999984741211,90.44999694824219,89.61000061035156,90.08999633789062,22724300,GOOG
2023-02-28,89.6862564086914,90.30000305175781,91.44999694824219,89.5199966430664,89.54000091552734,30546900,GOOG
2023-03-01,89.89482116699219,90.51000213623047,91.19999694824219,89.8499984741211,90.16000366210938,26323900,GOOG
2023-03-02,91.68258666992188,92.30999755859375,92.4800033569336,89.7699966430664,89.86000061035156,23328600,GOOG
2023-03-03,93.38096618652344,94.0199966430664,94.11000061035156,92.66000366210938,92.73999786376953,30242500,GOOG
2023-03-06,94.93036651611328,95.58000183105469,96.30000305175781,94.30000305175781,94.36000061035156,28288200,GOOG
2023-03-07,93.52994537353516,94.16999816894531,96.08999633789062,93.84400177001953,95.41999816894531,24101500,GOOG
2023-03-08,94.0066909790039,94.6500015258789,96.23999786376953,94.40499877929688,94.40499877929688,25395200,GOOG
2023-03-09,92.03021240234375,92.66000366210938,95.91999816894531,92.3550033569336,94.48999786376953,24438900,GOOG
2023-03-10,90.39143371582031,91.01000213623047,93.18000030517578,90.80000305175781,92.5,32850100,GOOG
2023-03-13,91.03701782226562,91.66000366210938,93.08000183105469,89.94000244140625,90.56500244140625,31508600,GOOG
2023-03-14,93.60940551757812,94.25,94.83000183105469,92.77999877929688,93.06999969482422,32303900,GOOG
2023-03-15,95.8937759399414,96.55000305175781,97.25,93.04000091552734,93.54000091552734,38367300,GOOG
2023-03-16,100.38304901123047,101.06999969482422,101.97000122070312,95.87000274658203,96.56999969482422,54499500,GOOG
2023-03-17,101.76360321044922,102.45999908447266,103.48999786376953,100.75,100.83999633789062,76140300,GOOG
2023-03-20,101.2372055053711,101.93000030517578,102.58000183105469,100.79000091552734,101.05999755859375,26033900,GOOG
2023-03-21,105.12062072753906,105.83999633789062,105.95999908447266,101.86000061035156,101.9800033569336,33122800,GOOG
2023-03-22,103.51165008544922,104.22000122070312,107.51000213623047,104.20999908447266,105.13999938964844,32336900,GOOG
2023-03-23,105.53778839111328,106.26000213623047,107.10099792480469,105.41000366210938,105.88999938964844,31385800,GOOG
2023-03-24,105.3391342163086,106.05999755859375,106.16000366210938,104.73999786376953,105.73999786376953,25236200,GOOG
2023-03-27,102.3595199584961,103.05999755859375,105.4000015258789,102.62999725341797,105.31999969482422,25393400,GOOG
2023-03-28,100.67108154296875,101.36000061035156,103.0,100.27999877929688,103.0,24913500,GOOG
2023-03-29,101.2074203491211,101.9000015258789,102.81999969482422,101.02999877929688,102.72000122070312,26148300,GOOG
2023-03-30,100.63135528564453,101.31999969482422,101.61000061035156,100.29000091552734,101.44000244140625,25009800,GOOG
2023-03-31,103.29313659667969,104.0,104.19000244140625,101.44000244140625,101.70999908447266,28108000,GOOG
2023-04-03,104.19696044921875,104.91000366210938,104.94999694824219,102.37999725341797,102.66999816894531,20719900,GOOG
2023-04-04,104.405517578125,105.12000274658203,106.0999984741211,104.5999984741211,104.83999633789062,20377200,GOOG
2023-04-05,104.23668670654297,104.94999694824219,106.54000091552734,104.10199737548828,106.12000274658203,21864200,GOOG
2023-04-06,108.15983581542969,108.9000015258789,109.62999725341797,104.81500244140625,105.7699966430664,34684200,GOOG
2023-04-10,106.22308349609375,106.94999694824219,107.97000122070312,105.5999984741211,107.38999938964844,19741500,GOOG
2023-04-11,105.39873504638672,106.12000274658203,107.22000122070312,105.27999877929688,106.91999816894531,18721300,GOOG
2023-04-12,104.50484466552734,105.22000122070312,107.58699798583984,104.97000122070312,107.38999938964844,22761600,GOOG
2023-04-13,107.45466613769531,108.19000244140625,108.26499938964844,106.44000244140625,106.47000122070312,21650700,GOOG
2023-04-14,108.71603393554688,109.45999908447266,109.58000183105469,107.58999633789062,107.69000244140625,20758700,GOOG
2023-04-17,105.69668579101562,106.41999816894531,106.70999908447266,105.31999969482422,105.43000030517578,29043400,GOOG
2023-04-18,104.405517578125,105.12000274658203,107.05000305175781,104.77999877929688,107.0,17641400,GOOG
2023-04-19,104.30619812011719,105.0199966430664,105.7249984741211,103.80000305175781,104.21499633789062,16732000,GOOG
2023-04-20,105.18022155761719,105.9000015258789,106.88800048828125,104.63999938964844,104.6500015258789,22515300,GOOG
2023-04-21,105.1901626586914,105.91000366210938,106.63999938964844,105.48500061035156,106.08999633789062,22379000,GOOG
2023-04-24,106.05423736572266,106.77999877929688,107.31999969482422,105.36000061035156,106.05000305175781,21410900,GOOG
2023-04-25,103.89898681640625,104.61000061035156,107.44000244140625,104.55999755859375,106.61000061035156,31408100,GOOG
2023-04-26,103.74007415771484,104.44999694824219,107.0199966430664,103.2699966430664,105.55999755859375,37068200,GOOG
2023-04-27,107.6334457397461,108.37000274658203,109.1500015258789,104.41999816894531,105.2300033569336,38235200,GOOG
2023-04-28,107.48445892333984,108.22000122070312,108.29000091552734,106.04000091552734,107.80000305175781,23957900,GOOG
2023-05-01,106.9779281616211,107.70999908447266,108.68000030517578,107.5,107.72000122070312,20926300,GOOG
2023-05-02,105.25968170166016,105.9800033569336,107.7300033569336,104.5,107.66000366210938,20343100,GOOG
2023-05-03,105.39873504638672,106.12000274658203,108.12999725341797,105.62000274658203,106.22000122070312,17116300,GOOG
2023-05-04,104.49491119384766,105.20999908447266,106.30000305175781,104.69999694824219,106.16000366210938,19780600,GOOG
2023-05-05,105.49308013916016,106.21499633789062,106.44000244140625,104.73899841308594,105.31999969482422,20710600,GOOG
2023-05-08,107.50432586669922,108.23999786376953,108.41999816894531,105.79000091552734,105.79499816894531,17266000,GOOG
2023-05-09,107.20635986328125,107.94000244140625,110.59500122070312,107.7249984741211,108.77999877929688,24782400,GOOG
2023-05-10,111.5168685913086,112.27999877929688,113.51000213623047,108.4800033569336,108.55000305175781,47533500,GOOG
2023-05-11,116.10546112060547,116.9000015258789,118.44000244140625,114.93000030517578,115.86000061035156,57115100,GOOG
2023-05-12,117.11852264404297,117.91999816894531,118.26000213623047,116.55000305175781,117.0,31293800,GOOG
2023-05-15,116.16504669189453,116.95999908447266,118.79499816894531,116.4800033569336,116.48999786376953,22107900,GOOG
2023-05-16,119.2737808227539,120.08999633789062,121.19999694824219,116.83000183105469,116.83000183105469,32370100,GOOG
2023-05-17,120.65432739257812,121.4800033569336,122.27999877929688,119.45999908447266,120.18000030517578,26659600,GOOG
2023-05-18,122.68045806884766,123.5199966430664,123.9000015258789,121.48999786376953,121.55999755859375,27014500,GOOG
2023-05-19,122.41230010986328,123.25,126.47899627685547,122.72000122070312,124.19999694824219,30268900,GOOG
2023-05-22,125.01448822021484,125.87000274658203,127.05000305175781,123.44999694824219,123.51000213623047,29760200,GOOG
2023-05-23,122.4520263671875,123.29000091552734,125.41999816894531,123.05000305175781,124.93000030517578,24477900,GOOG
2023-05-24,120.81324768066406,121.63999938964844,122.75,120.75,121.87999725341797,23087900,GOOG
2023-05-25,123.50482177734375,124.3499984741211,125.9800033569336,122.9000015258789,125.20999908447266,33812700,GOOG
2023-05-26,124.5774917602539,125.43000030517578,126.0,123.29000091552734,124.06500244140625,25154700,GOOG
2023-05-30,123.79285430908203,124.63999938964844,126.37999725341797,122.88999938964844,126.29000091552734,27230700,GOOG
2023-05-31,122.53148651123047,123.37000274658203,124.9000015258789,123.0999984741211,123.69999694824219,41548800,GOOG
2023-06-01,123.52468872070312,124.37000274658203,125.04000091552734,123.30000305175781,123.5,25017700,GOOG
2023-06-02,124.37883758544922,125.2300033569336,126.74500274658203,124.3499984741211,124.48999786376953,19367500,GOOG
2023-06-05,125.76932525634766,126.62999725341797,127.98999786376953,124.37999725341797,124.61000061035156,22672500,GOOG
2023-06-06,127.0406265258789,127.91000366210938,128.8800048828125,125.97000122070312,126.5999984741211,19450100,GOOG
2023-06-07,122.10441589355469,122.94000244140625,129.5500030517578,122.62999725341797,127.57499694824219,34179300,GOOG
2023-06-08,121.83625030517578,122.66999816894531,123.7300033569336,122.01000213623047,122.58499908447266,24815000,GOOG
2023-06-09,122.0348892211914,122.87000274658203,124.28500366210938,122.41999816894531,122.55999755859375,20304500,GOOG
2023-06-12,123.50482177734375,124.3499984741211,124.75,122.3499984741211,123.3949966430664,22255700,GOOG
2023-06-13,123.58427429199219,124.43000030517578,125.86000061035156,123.84500122070312,125.6500015258789,19287700,GOOG
2023-06-14,123.53461456298828,124.37999725341797,124.79000091552734,122.16000366210938,123.80000305175781,24659600,GOOG
2023-06-15,124.93504333496094,125.79000091552734,126.16000366210938,123.13999938964844,123.87999725341797,24517100,GOOG
2023-06-16,123.216796875,124.05999755859375,126.69999694824219,123.79000091552734,126.69999694824219,56699200,GOOG
2023-06-20,123.00821685791016,123.8499984741211,125.17500305175781,122.83000183105469,123.53500366210938,22698000,GOOG
2023-06-21,120.43582916259766,121.26000213623047,123.41000366210938,120.86000061035156,123.23500061035156,22612000,GOOG
2023-06-22,123.02808380126953,123.87000274658203,123.93499755859375,119.5999984741211,120.66000366210938,20781900,GOOG
2023-06-23,122.18386840820312,123.0199966430664,123.44000244140625,121.86000061035156,122.04000091552734,29573100,GOOG
2023-06-26,118.28056335449219,119.08999633789062,122.72000122070312,118.98999786376953,121.46600341796875,23185000,GOOG
2023-06-27,118.20112609863281,119.01000213623047,119.8949966430664,116.91000366210938,117.83999633789062,27221700,GOOG
2023-06-28,120.2570571899414,121.08000183105469,121.2699966430664,117.5999984741211,117.95999908447266,19753100,GOOG
2023-06-29,119.19432830810547,120.01000213623047,120.91000366210938,119.20999908447266,120.08999633789062,18517500,GOOG
2023-06-30,120.14779663085938,120.97000122070312,122.02999877929688,120.87999725341797,121.0999984741211,23871800,GOOG
2023-07-03,119.7405776977539,120.55999755859375,121.0199966430664,119.70500183105469,120.31999969482422,13888300,GOOG
2023-07-05,121.79651641845703,122.62999725341797,123.37000274658203,120.05999755859375,120.05999755859375,17830300,GOOG
2023-07-06,120.10807037353516,120.93000030517578,121.1500015258789,119.25,120.63999938964844,17732500,GOOG
2023-07-07,119.32344055175781,120.13999938964844,121.75,120.08999633789062,120.88999938964844,20997700,GOOG
2023-07-10,116.0756607055664,116.87000274658203,119.06999969482422,116.63999938964844,119.06999969482422,32960100,GOOG
2023-07-11,116.90995025634766,117.70999908447266,118.2249984741211,115.83000183105469,116.76000213623047,18286600,GOOG
2023-07-12,118.80697631835938,119.62000274658203,120.95999908447266,119.0,119.30000305175781,22059600,GOOG
2023-07-13,123.9815673828125,124.83000183105469,125.33499908447266,121.05999755859375,121.54000091552734,31535900,GOOG
2023-07-14,124.84564208984375,125.69999694824219,127.08999633789062,124.9000015258789,125.12999725341797,20499800,GOOG
2023-07-17,124.20999908447266,125.05999755859375,127.27999877929688,124.5,126.05999755859375,20675300,GOOG
2023-07-18,123.23665618896484,124.08000183105469,124.98999786376953,123.30000305175781,124.90499877929688,21045800,GOOG
2023-07-19,121.94548797607422,122.77999877929688,125.47000122070312,122.47000122070312,124.79000091552734,22313800,GOOG
2023-07-20,118.71758270263672,119.52999877929688,124.69999694824219,118.68499755859375,122.12000274658203,27541700,GOOG
2023-07-21,119.49227142333984,120.30999755859375,121.30000305175781,119.06999969482422,120.87000274658203,56514600,GOOG
2023-07-24,121.05160522460938,121.87999725341797,123.3499984741211,121.37999725341797,121.9260025024414,22276100,GOOG
2023-07-25,121.95543670654297,122.79000091552734,123.69000244140625,121.52999877929688,121.87999725341797,31820800,GOOG
2023-07-26,128.77874755859375,129.66000366210938,131.3699951171875,128.7100067138672,130.36000061035156,46216900,GOOG
2023-07-27,128.9873046875,129.8699951171875,133.60000610351562,129.17999267578125,131.8000030517578,35931600,GOOG
2023-07-28,132.10595703125,133.00999450683594,134.07000732421875,130.9199981689453,130.97000122070312,26971000,GOOG
2023-07-31,132.20529174804688,133.11000061035156,133.8300018310547,132.1300048828125,133.00999450683594,18381900,GOOG
2023-08-01,130.99359130859375,131.88999938964844,132.9199981689453,130.75,130.85499572753906,22154300,GOOG
2023-08-02,127.76565551757812,128.63999938964844,130.4199981689453,127.8499984741211,129.83999633789062,22705800,GOOG
2023-08-03,127.894775390625,128.77000427246094,129.77000427246094,127.7750015258789,128.3699951171875,15018100,GOOG
2023-08-04,127.66635131835938,128.5399932861328,131.92999267578125,128.31500244140625,129.60000610351562,20521900,GOOG
2023-08-07,131.04322814941406,131.94000244140625,132.05999755859375,129.42999267578125,129.50999450683594,17621000,GOOG
2023-08-08,130.9439239501953,131.83999633789062,131.94000244140625,130.1300048828125,130.97999572753906,16836000,GOOG
2023-08-09,129.26539611816406,130.14999389648438,132.47000122070312,129.5050048828125,132.19000244140625,17745200,GOOG
2023-08-10,129.32501220703125,130.2100067138672,132.64700317382812,130.03500366210938,131.97000122070312,17855700,GOOG
2023-08-11,129.28526306152344,130.1699981689453,130.44000244140625,128.75,129.20199584960938,15205500,GOOG
2023-08-14,130.9340057373047,131.8300018310547,131.91000366210938,129.58999633789062,129.85000610351562,17526200,GOOG
2023-08-15,129.3845977783203,130.27000427246094,131.99000549316406,129.81900024414062,131.58999633789062,14769200,GOOG
2023-08-16,128.23248291015625,129.11000061035156,130.8979949951172,128.4600067138672,129.27999877929688,17548400,GOOG
2023-08-17,129.57330322265625,130.4600067138672,132.49099731445312,129.85000610351562,130.4499969482422,23665600,GOOG
2023-08-18,127.23927307128906,128.11000061035156,129.8300018310547,127.0,129.05999755859375,23627200,GOOG
2023-08-21,128.0537109375,128.92999267578125,129.25999450683594,127.16000366210938,127.8499984741211,21851100,GOOG
2023-08-22,128.8085174560547,129.69000244140625,130.9499969482422,128.9250030517578,129.1300048828125,15557900,GOOG
2023-08-23,132.3046112060547,133.2100067138672,134.07000732421875,130.50999450683594,130.85000610351562,26497000,GOOG
2023-08-24,129.5335693359375,130.4199981689453,134.97000122070312,130.3000030517578,134.7270050048828,18680400,GOOG
2023-08-25,129.80174255371094,130.69000244140625,131.39999389648438,128.0399932861328,130.13999938964844,20678100,GOOG
2023-08-28,130.8942413330078,131.7899932861328,133.24000549316406,130.85000610351562,132.0800018310547,16715500,GOOG
2023-08-29,134.56912231445312,135.49000549316406,137.2949981689453,132.97999572753906,132.9980010986328,30803300,GOOG
2023-08-30,135.99932861328125,136.92999267578125,137.25,135.02099609375,135.57000732421875,21773400,GOOG
2023-08-31,136.41647338867188,137.35000610351562,138.39999389648438,136.82000732421875,137.0500030517578,28147900,GOOG
2023-09-01,135.8701934814453,136.8000030517578,138.5800018310547,135.94000244140625,138.42999267578125,16671600,GOOG
2023-09-05,135.7808074951172,136.7100067138672,137.3699951171875,135.55999755859375,136.44000244140625,17730200,GOOG
2023-09-06,134.44993591308594,135.3699951171875,137.47999572753906,134.69000244140625,137.01499938964844,15814300,GOOG
2023-09-07,135.27427673339844,136.1999969482422,136.5800018310547,133.9600067138672,134.60000610351562,16976000,GOOG
2023-09-08,136.26748657226562,137.1999969482422,137.51499938964844,135.8699951171875,135.8699951171875,17810700,GOOG
2023-09-11,136.80381774902344,137.74000549316406,138.26400756835938,136.5500030517578,137.3800048828125,17180800,GOOG
2023-09-12,135.1451873779297,136.07000732421875,137.63999938964844,135.92999267578125,137.1300048828125,15212900,GOOG
2023-09-13,136.5654296875,137.5,137.6999969482422,134.92999267578125,135.89999389648438,16394900,GOOG
2023-09-14,138.04534912109375,138.99000549316406,139.5500030517578,137.05999755859375,138.38999938964844,19064600,GOOG
2023-09-15,137.3600311279297,138.3000030517578,139.36000061035156,137.17999267578125,138.8000030517578,48958800,GOOG
2023-09-18,138.01551818847656,138.9600067138672,139.92999267578125,137.6300048828125,137.6300048828125,16233600,GOOG
2023-09-19,137.88641357421875,138.8300018310547,139.1750030517578,137.5,138.25,15479100,GOOG
2023-09-20,133.67523193359375,134.58999633789062,138.83999633789062,134.52000427246094,138.8300018310547,21473500,GOOG
2023-09-21,130.46719360351562,131.36000061035156,133.19000244140625,131.08999633789062,132.38999938964844,22058400,GOOG
2023-09-22,130.35794067382812,131.25,133.00999450683594,130.50999450683594,131.67999267578125,17348700,GOOG
2023-09-25,131.27166748046875,132.1699981689453,132.22000122070312,130.02999877929688,130.77000427246094,14650000,GOOG
2023-09-26,128.57015991210938,129.4499969482422,131.40499877929688,128.19000244140625,130.91400146484375,20378800,GOOG
2023-09-27,130.56651306152344,131.4600067138672,131.72000122070312,129.3800048828125,129.44000244140625,18764200,GOOG
2023-09-28,132.2251434326172,133.1300048828125,134.17999267578125,130.69000244140625,130.69000244140625,18201400,GOOG
2023-09-29,130.95384216308594,131.85000610351562,134.88999938964844,131.32000732421875,134.0800018310547,23237300,GOOG
2023-10-02,134.25128173828125,135.1699981689453,135.36000061035156,132.06500244140625,132.15499877929688,19210400,GOOG
2023-10-03,132.3939971923828,133.3000030517578,135.24000549316406,132.81500244140625,134.92999267578125,19628700,GOOG
2023-10-04,135.34381103515625,136.27000427246094,136.57000732421875,133.42999267578125,133.66000366210938,22848000,GOOG
2023-10-05,135.0657196044922,135.99000549316406,136.5,134.4550018310547,136.1300048828125,15922900,GOOG
2023-10-06,137.78709411621094,138.72999572753906,139.18600463867188,134.94000244140625,134.94000244140625,20826700,GOOG
2023-10-09,138.55186462402344,139.5,139.97000122070312,136.6999969482422,137.99000549316406,16599100,GOOG
2023-10-10,138.25387573242188,139.1999969482422,140.74000549316406,138.42999267578125,139.50999450683594,19554900,GOOG
2023-10-11,140.7368927001953,141.6999969482422,142.22000122070312,139.83999633789062,139.85000610351562,20146300,GOOG
2023-10-12,139.3364715576172,140.2899932861328,142.3800048828125,139.4499969482422,142.16000366210938,18173100,GOOG
2023-10-13,137.6381072998047,138.5800018310547,141.33999633789062,137.97000122070312,140.64999389648438,19438700,GOOG
2023-10-16,139.5351104736328,140.49000549316406,140.90499877929688,139.32000732421875,139.72999572753906,17345600,GOOG
2023-10-17,140.03172302246094,140.99000549316406,141.25,138.5290069580078,140.02999877929688,17424000,GOOG
2023-10-18,138.33335876464844,139.27999877929688,141.99000549316406,138.7050018310547,140.75,18304900,GOOG
2023-10-19,138.03538513183594,138.97999572753906,141.0050048828125,138.60000610351562,139.8000030517578,21831200,GOOG
2023-10-20,135.81063842773438,136.74000549316406,139.0399932861328,136.2449951171875,138.58999633789062,24970300,GOOG
2023-10-23,136.9627227783203,137.89999389648438,139.02000427246094,135.11000061035156,136.22999572753906,20780700,GOOG
2023-10-24,139.1676483154297,140.1199951171875,140.7100067138672,138.75,139.16000366210938,26535200,GOOG
2023-10-25,125.8090591430664,126.66999816894531,130.10000610351562,126.08999633789062,129.77000427246094,58796100,GOOG
2023-10-26,122.60100555419922,123.44000244140625,125.45999908447266,122.31999969482422,124.47000122070312,33907400,GOOG
2023-10-27,122.56128692626953,123.4000015258789,124.44000244140625,121.45999908447266,124.02999877929688,37367700,GOOG
2023-10-30,124.89530944824219,125.75,126.55000305175781,123.87999725341797,124.45999908447266,24165600,GOOG
2023-10-31,124.44837188720703,125.30000305175781,126.55999755859375,123.92500305175781,126.2699966430664,21123400,GOOG
2023-11-01,126.70293426513672,127.56999969482422,127.73999786376953,124.92500305175781,125.33999633789062,26536600,GOOG
2023-11-02,127.70609283447266,128.5800018310547,130.08999633789062,128.11000061035156,129.55999755859375,24091700,GOOG
2023-11-03,129.48388671875,130.3699951171875,130.72999572753906,129.00999450683594,129.08999633789062,19529400,GOOG
2023-11-06,130.5565643310547,131.4499969482422,131.55999755859375,129.92999267578125,130.22000122070312,15360400,GOOG
2023-11-07,131.50010681152344,132.39999389648438,133.27999877929688,131.13999938964844,131.97999572753906,19223800,GOOG
2023-11-08,132.35426330566406,133.25999450683594,133.5399932861328,132.16000366210938,132.36000061035156,15093600,GOOG
2023-11-09,130.79493713378906,131.69000244140625,133.9600067138672,131.50999450683594,133.36000061035156,17976500,GOOG
2023-11-10,133.1488037109375,134.05999755859375,134.27000427246094,130.8699951171875,131.52999877929688,20872900,GOOG
2023-11-13,132.731689453125,133.63999938964844,134.11000061035156,132.77000427246094,133.36000061035156,16409900,GOOG
2023-11-14,134.50949096679688,135.42999267578125,137.24000549316406,135.10000610351562,135.64999389648438,22317300,GOOG
2023-11-15,135.4530792236328,136.3800048828125,136.83999633789062,135.3300018310547,136.63999938964844,15840900,GOOG
2023-11-16,137.75726318359375,138.6999969482422,138.8800048828125,136.0800018310547,136.9600067138672,17615100,GOOG
2023-11-17,136.00924682617188,136.94000244140625,138.0,135.47999572753906,137.82000732421875,25565300,GOOG
2023-11-20,136.98257446289062,137.9199981689453,138.4250030517578,135.49000549316406,135.5,19569400,GOOG
2023-11-21,137.67782592773438,138.6199951171875,138.96499633789062,137.7050018310547,137.94000244140625,17648100,GOOG
2023-11-22,139.06829833984375,140.02000427246094,141.10000610351562,139.0,139.10000610351562,17306400,GOOG
2023-11-24,137.28054809570312,138.22000122070312,139.677001953125,137.47000122070312,139.5399932861328,8828600,GOOG
2023-11-27,137.11170959472656,138.0500030517578,139.6300048828125,137.5399932861328,137.57000732421875,17886400,GOOG
2023-11-28,137.67782592773438,138.6199951171875,138.66000366210938,137.0399932861328,137.6300048828125,17046900,GOOG
2023-11-29,135.47291564941406,136.39999389648438,139.6699981689453,136.2949981689453,138.98500061035156,21014700,GOOG
2023-11-30,133.009765625,133.9199981689453,136.9600067138672,132.7899932861328,136.39999389648438,29913500,GOOG
2023-12-01,132.4138641357422,133.32000732421875,133.5,132.15199279785156,133.32000732421875,24268000,GOOG
2023-12-04,129.74215698242188,130.6300048828125,131.4499969482422,129.39999389648438,131.29400634765625,24117100,GOOG
2023-12-05,131.49017333984375,132.38999938964844,133.5399932861328,129.72999572753906,130.3699951171875,19235100,GOOG
2023-12-06,130.53668212890625,131.42999267578125,133.30999755859375,131.30999755859375,132.89999389648438,16360600,GOOG
2023-12-07,137.5089874267578,138.4499969482422,140.0,136.22999572753906,136.60000610351562,38419400,GOOG
2023-12-08,135.71127319335938,136.63999938964844,137.99000549316406,135.57000732421875,135.66000366210938,23016100,GOOG
2023-12-11,133.78448486328125,134.6999969482422,134.7899932861328,132.88999938964844,133.82000732421875,24502900,GOOG
2023-12-12,132.731689453125,133.63999938964844,134.5399932861328,132.8300018310547,133.27000427246094,26584000,GOOG
2023-12-13,133.05943298339844,133.97000122070312,134.77999877929688,132.9499969482422,134.5449981689453,25414500,GOOG
2023-12-14,132.29466247558594,133.1999969482422,135.03500366210938,131.05999755859375,134.77000427246094,29619100,GOOG
2023-12-15,132.93032836914062,133.83999633789062,134.8300018310547,132.6300048828125,132.9199981689453,58594000,GOOG
2023-12-18,136.25753784179688,137.19000244140625,138.3800048828125,133.77000427246094,133.86000061035156,25699800,GOOG
2023-12-19,137.16136169433594,138.10000610351562,138.77000427246094,137.4499969482422,138.0,20661000,GOOG
2023-12-20,138.71075439453125,139.66000366210938,143.0780029296875,139.41000366210938,140.3300018310547,33507300,GOOG
2023-12-21,140.83624267578125,141.8000030517578,142.02999877929688,140.47300720214844,140.77000427246094,18101500,GOOG
2023-12-22,141.74998474121094,142.72000122070312,143.25,142.05499267578125,142.1300048828125,18513500,GOOG
2023-12-26,141.8492889404297,142.82000732421875,143.94500732421875,142.5,142.97999572753906,11170100,GOOG
2023-12-27,140.4786834716797,141.44000244140625,143.32000732421875,141.05099487304688,142.8300018310547,17288400,GOOG
2023-12-28,140.31976318359375,141.27999877929688,142.27000427246094,140.8280029296875,141.85000610351562,12192500,GOOG
2023-12-29,139.97213745117188,140.92999267578125,141.43499755859375,139.89999389648438,140.67999267578125,14881000,GOOG
2024-01-02,138.61143493652344,139.55999755859375,140.61500549316406,137.74000549316406,139.60000610351562,20071900,GOOG
2024-01-03,139.406005859375,140.36000061035156,141.08999633789062,138.42999267578125,138.60000610351562,18974300,GOOG
2024-01-04,137.1017608642578,138.0399932861328,140.63499450683594,138.00999450683594,139.85000610351562,18253300,GOOG
2024-01-05,136.45620727539062,137.38999938964844,138.80999755859375,136.85000610351562,138.3520050048828,15439500,GOOG
2024-01-08,139.5748291015625,140.52999877929688,140.63999938964844,137.8800048828125,138.0,17645300,GOOG
2024-01-09,141.59103393554688,142.55999755859375,142.8000030517578,139.7899932861328,140.05999755859375,19579700,GOOG
2024-01-10,142.8226318359375,143.8000030517578,144.52499389648438,142.4600067138672,142.52000427246094,16641900,GOOG
2024-01-11,142.69351196289062,143.6699981689453,146.66000366210938,142.21499633789062,144.89500427246094,17471100,GOOG
2024-01-12,143.2596435546875,144.24000549316406,144.74000549316406,143.36000061035156,144.33999633789062,13998700,GOOG
2024-01-16,143.10073852539062,144.0800018310547,145.83999633789062,143.05599975585938,143.42999267578125,19198900,GOOG
2024-01-17,141.91880798339844,142.88999938964844,143.41000366210938,140.50999450683594,142.91000366210938,17884500,GOOG
2024-01-18,144.00454711914062,144.99000549316406,145.5850067138672,143.35000610351562,143.44000244140625,18876800,GOOG
2024-01-19,146.9642791748047,147.97000122070312,148.0399932861328,145.8000030517578,146.30499267578125,27181000,GOOG
2024-01-22,146.70606994628906,147.7100067138672,150.01499938964844,147.5800018310547,148.7100067138672,21829200,GOOG
2024-01-23,147.66943359375,148.67999267578125,148.86000061035156,147.19000244140625,147.72000122070312,14113600,GOOG
2024-01-24,149.328125,150.35000610351562,151.57000732421875,149.83999633789062,150.2899932861328,19245000,GOOG
2024-01-25,152.5957489013672,153.63999938964844,154.75999450683594,151.22000122070312,151.74000549316406,21495100,GOOG
2024-01-26,152.74473571777344,153.7899932861328,154.11000061035156,152.8000030517578,152.8699951171875,19494500,GOOG
2024-01-29,153.78758239746094,154.83999633789062,155.1999969482422,152.9199981689453,153.63999938964844,20909300,GOOG
2024-01-30,152.009765625,153.0500030517578,155.0399932861328,152.77499389648438,154.00999450683594,26578900,GOOG
2024-01-31,140.83624267578125,141.8000030517578,145.58999633789062,141.5500030517578,145.38999938964844,43908600,GOOG
2024-02-01,141.74005126953125,142.7100067138672,144.6199951171875,142.25999450683594,143.69000244140625,25526900,GOOG
2024-02-02,142.56439208984375,143.5399932861328,143.8800048828125,138.1699981689453,140.88999938964844,42136100,GOOG
2024-02-05,143.9449462890625,144.92999267578125,146.6699981689453,143.91000366210938,144.0399932861328,29254400,GOOG
2024-02-06,144.42169189453125,145.41000366210938,146.74000549316406,144.52000427246094,145.9600067138672,21517700,GOOG
2024-02-07,145.68304443359375,146.67999267578125,147.0,145.2100067138672,146.1199951171875,21436100,GOOG
2024-02-08,146.2194061279297,147.22000122070312,147.61000061035156,146.4199981689453,146.97000122070312,18241300,GOOG
2024-02-09,149.19900512695312,150.22000122070312,150.69500732421875,147.42999267578125,147.9499969482422,21877700,GOOG
2024-02-12,147.7191162109375,148.72999572753906,150.58999633789062,148.55999755859375,149.5399932861328,17236100,GOOG
2024-02-13,145.37513732910156,146.3699951171875,148.0399932861328,145.11000061035156,146.07000732421875,18138500,GOOG
2024-02-14,146.13992309570312,147.13999938964844,147.8300018310547,145.55499267578125,147.3699951171875,16651800,GOOG
2024-02-15,142.961669921875,143.94000244140625,144.75999450683594,141.8800048828125,144.4600067138672,26724300,GOOG
2024-02-16,140.79649353027344,141.75999450683594,144.47999572753906,141.52000427246094,144.2100067138672,21865100,GOOG
2024-02-20,141.2334747314453,142.1999969482422,143.32899475097656,140.8000030517578,140.94000244140625,18625600,GOOG
2024-02-21,142.8623504638672,143.83999633789062,143.97999572753906,141.91000366210938,142.63999938964844,16440800,GOOG
2024-02-22,144.33230590820312,145.32000732421875,146.1999969482422,144.00999450683594,146.1199951171875,23024700,GOOG
2024-02-23,144.30250549316406,145.2899932861328,145.9550018310547,144.7899932861328,144.97000122070312,14519400,GOOG
2024-02-26,137.8069610595703,138.75,143.83999633789062,138.74000549316406,143.4499969482422,33513000,GOOG
2024-02-27,139.14776611328125,140.10000610351562,140.49000549316406,138.5,139.41000366210938,22364000,GOOG
2024-02-28,136.4959259033203,137.42999267578125,139.27999877929688,136.63999938964844,139.10000610351562,30628700,GOOG
2024-02-29,138.82994079589844,139.77999877929688,139.9499969482422,137.57000732421875,138.35000610351562,35485000,GOOG
2024-03-01,137.14151000976562,138.0800018310547,140.0,137.97500610351562,139.61000061035156,28551500,GOOG
2024-03-04,133.28787231445312,134.1999969482422,136.6300048828125,132.86000061035156,136.5399932861328,43571500,GOOG
2024-03-05,132.8707275390625,133.77999877929688,134.02000427246094,131.5500030517578,132.74000549316406,28447600,GOOG
2024-03-06,131.65902709960938,132.55999755859375,134.74000549316406,131.9499969482422,134.24000549316406,23175200,GOOG
2024-03-07,134.32080078125,135.24000549316406,135.82000732421875,132.66000366210938,133.88999938964844,24107300,GOOG
2024-03-08,135.36366271972656,136.2899932861328,138.98500061035156,134.8000030517578,135.03500366210938,26495200,GOOG
2024-03-11,137.99566650390625,138.94000244140625,139.97999572753906,137.07000732421875,137.07000732421875,22536400,GOOG
2024-03-12,138.67103576660156,139.6199951171875,140.27999877929688,138.2100067138672,138.25,19019700,GOOG
2024-03-13,139.81324768066406,140.77000427246094,142.19000244140625,140.00999450683594,140.05999755859375,19637000,GOOG
2024-03-14,143.35894775390625,144.33999633789062,144.72999572753906,141.48500061035156,142.3000030517578,36117900,GOOG
2024-03-15,141.20370483398438,142.1699981689453,144.33999633789062,141.1300048828125,143.41000366210938,41039500,GOOG
2024-03-18,147.47080993652344,148.47999572753906,152.92999267578125,148.13999938964844,149.3699951171875,47676700,GOOG
2024-03-19,146.9146270751953,147.9199981689453,149.6199951171875,147.00999450683594,148.97999572753906,17748400,GOOG
2024-03-20,148.66265869140625,149.67999267578125,149.75999450683594,147.6649932861328,148.7899932861328,17730000,GOOG
2024-03-21,147.72906494140625,148.74000549316406,151.30499267578125,148.00999450683594,150.32000732421875,19843900,GOOG
2024-03-22,150.73846435546875,151.77000427246094,152.55999755859375,150.08999633789062,150.24000549316406,19252900,GOOG
2024-03-25,150.12265014648438,151.14999389648438,151.45599365234375,148.8000030517578,150.9499969482422,15114700,GOOG
2024-03-26,150.66891479492188,151.6999969482422,153.1999969482422,151.02999877929688,151.24000549316406,19312700,GOOG
2024-03-27,150.90728759765625,151.94000244140625,152.69000244140625,150.1300048828125,152.14500427246094,16622000,GOOG
2024-03-28,151.22512817382812,152.25999450683594,152.6699981689453,151.3300018310547,152.0,21105600,GOOG
2024-04-01,155.43629455566406,156.5,157.0,151.64999389648438,151.8300018310547,24469800,GOOG
2024-04-02,154.81057739257812,155.8699951171875,155.99000549316406,153.4600067138672,154.75,17598100,GOOG
2024-04-03,155.30718994140625,156.3699951171875,156.5500030517578,154.1320037841797,154.9199981689453,17266200,GOOG
2024-04-04,150.90728759765625,151.94000244140625,156.17999267578125,151.8800048828125,155.0800018310547,24184800,GOOG
2024-04-05,152.8937225341797,153.94000244140625,154.83999633789062,151.08099365234375,151.67999267578125,16297300,GOOG
2024-04-08,155.07875061035156,156.13999938964844,156.65499877929688,153.99000549316406,154.01499938964844,16641500,GOOG
2024-04-09,157.065185546875,158.13999938964844,159.88999938964844,156.63999938964844,157.35000610351562,21521500,GOOG
2024-04-10,156.5884246826172,157.66000366210938,158.16000366210938,156.1999969482422,157.8800048828125,16339200,GOOG
2024-04-11,159.6971435546875,160.7899932861328,161.1199951171875,157.92999267578125,158.33999633789062,17841700,GOOG
2024-04-12,158.1080322265625,159.19000244140625,161.6999969482422,158.60000610351562,159.40499877929688,16989800,GOOG
2024-04-15,155.2674560546875,156.3300018310547,160.8300018310547,156.14999389648438,160.27999877929688,21140900,GOOG
2024-04-16,154.93971252441406,156.0,157.22999572753906,155.0500030517578,155.63999938964844,15413200,GOOG
2024-04-17,155.813720703125,156.8800048828125,158.68099975585938,156.13499450683594,157.19000244140625,16237800,GOOG
2024-04-18,156.38978576660156,157.4600067138672,158.48500061035156,156.2100067138672,156.9250030517578,14016100,GOOG
2024-04-19,154.66160583496094,155.72000122070312,157.99000549316406,153.91000366210938,157.75,21479900,GOOG
2024-04-22,156.87646484375,157.9499969482422,159.18499755859375,155.66000366210938,156.00999450683594,17243900,GOOG
2024-04-23,158.8330535888672,159.9199981689453,160.47999572753906,157.96499633789062,158.58999633789062,16115400,GOOG
2024-04-24,160.00506591796875,161.10000610351562,161.38999938964844,158.82000732421875,159.08999633789062,19485700,GOOG
2024-04-25,156.87646484375,157.9499969482422,158.27999877929688,152.76800537109375,153.36000061035156,36197800,GOOG
2024-04-26,172.50949096679688,173.69000244140625,176.4199981689453,171.39999389648438,175.99000549316406,56500800,GOOG
2024-04-29,166.75881958007812,167.89999389648438,171.3800048828125,167.05999755859375,170.77000427246094,35914600,GOOG
2024-04-30,163.52098083496094,164.63999938964844,169.8699951171875,164.5,167.3800048828125,29420800,GOOG
2024-05-01,164.4446563720703,165.57000732421875,168.80999755859375,164.89999389648438,166.17999267578125,25223200,GOOG
2024-05-02,167.31503295898438,168.4600067138672,168.52999877929688,165.69000244140625,166.6699981689453,17041100,GOOG
2024-05-03,167.84141540527344,168.99000549316406,169.85000610351562,164.97999572753906,169.5399932861328,22767100,GOOG
2024-05-06,168.67572021484375,169.8300018310547,169.89999389648438,167.88999938964844,169.22000122070312,15147900,GOOG
2024-05-07,171.80430603027344,172.97999572753906,173.47000122070312,170.0,170.1199951171875,21102400,GOOG
2024-05-08,169.99668884277344,171.16000366210938,171.90899658203125,170.52200317382812,170.75,14569900,GOOG
2024-05-09,170.41383361816406,171.5800018310547,172.44000244140625,169.92999267578125,171.14999389648438,11937700,GOOG
2024-05-10,169.132568359375,170.2899932861328,171.33999633789062,167.91000366210938,169.69000244140625,18740500,GOOG
2024-05-13,169.73841857910156,170.89999389648438,170.9499969482422,165.75999450683594,165.8470001220703,19648600,GOOG
2024-05-14,170.7614288330078,171.92999267578125,172.77999877929688,170.4199981689453,171.58999633789062,18729500,GOOG
2024-05-15,172.6981964111328,173.8800048828125,174.04600524902344,172.02999877929688,172.3000030517578,20958200,GOOG
2024-05-16,174.23765563964844,175.42999267578125,176.33999633789062,174.0500030517578,174.60000610351562,17247300,GOOG
2024-05-17,176.08499145507812,177.2899932861328,177.4949951171875,174.97999572753906,175.5500030517578,16546400,GOOG
2024-05-20,177.24705505371094,178.4600067138672,179.9499969482422,177.22500610351562,177.30999755859375,17495100,GOOG
2024-05-21,178.31968688964844,179.5399932861328,179.82000732421875,177.30999755859375,178.39999389648438,14706000,GOOG
2024-05-22,176.7901611328125,178.0,178.8520050048828,176.77999877929688,178.39999389648438,16189400,GOOG
2024-05-23,173.8701629638672,175.05999755859375,179.91000366210938,174.5399932861328,178.77999877929688,14928400,GOOG
2024-05-24,175.1315460205078,176.3300018310547,177.3040008544922,175.1999969482422,176.52000427246094,11403600,GOOG
2024-05-28,176.81004333496094,178.02000427246094,178.50999450683594,175.67999267578125,175.74000549316406,15655300,GOOG
2024-05-29,176.19424438476562,177.39999389648438,178.22999572753906,176.25999450683594,176.80999755859375,15023800,GOOG
2024-05-30,172.38034057617188,173.55999755859375,176.69000244140625,173.22999572753906,176.69000244140625,18826300,GOOG
2024-05-31,172.7776641845703,173.9600067138672,174.4199981689453,170.97000122070312,173.39999389648438,28085200,GOOG
2024-06-03,173.23452758789062,174.4199981689453,175.86000061035156,172.4499969482422,173.8800048828125,20742800,GOOG
2024-06-04,173.939697265625,175.1300048828125,175.19000244140625,173.22000122070312,174.4499969482422,14066600,GOOG
2024-06-05,175.86651611328125,177.07000732421875,177.97000122070312,175.2899932861328,176.53500366210938,15233900,GOOG
2024-06-06,177.13780212402344,178.35000610351562,178.7100067138672,177.2100067138672,177.42999267578125,14255800,GOOG
2024-06-07,174.75411987304688,175.9499969482422,179.4199981689453,175.7899932861328,178.4600067138672,14716300,GOOG
2024-06-10,175.6291046142578,176.6300048828125,178.47000122070312,174.3800048828125,176.4499969482422,17099800,GOOG
2024-06-11,177.18028259277344,178.19000244140625,178.38999938964844,175.44000244140625,177.72000122070312,14402400,GOOG
2024-06-12,178.54251098632812,179.55999755859375,182.0800018310547,177.77999877929688,179.75,18600400,GOOG
2024-06-13,175.73849487304688,176.74000549316406,178.50999450683594,176.66000366210938,177.83999633789062,15956900,GOOG
2024-06-14,177.35926818847656,178.3699951171875,178.72999572753906,175.8520050048828,175.8520050048828,12361600,GOOG
2024-06-17,177.76695251464844,178.77999877929688,179.9199981689453,176.49000549316406,176.97999572753906,15272900,GOOG
2024-06-18,175.4501495361328,176.4499969482422,178.91000366210938,175.6199951171875,178.7899932861328,15640300,GOOG
2024-06-20,176.7030029296875,177.7100067138672,178.74000549316406,176.4600067138672,176.7100067138672,16753200,GOOG
2024-06-21,179.2385711669922,180.25999450683594,182.51199340820312,178.05999755859375,178.49000549316406,58903200,GOOG
2024-06-24,179.7655487060547,180.7899932861328,182.0800018310547,180.22999572753906,181.27999877929688,18198300,GOOG
2024-06-25,184.52841186523438,185.5800018310547,185.75,181.10499572753906,181.14500427246094,18797000,GOOG
2024-06-26,184.319580078125,185.3699951171875,185.92999267578125,183.99000549316406,184.1999969482422,13375700,GOOG
2024-06-27,185.80116271972656,186.86000061035156,187.5,185.4499969482422,185.64500427246094,13025700,GOOG
2024-06-28,182.38063049316406,183.4199981689453,186.5800018310547,183.3249969482422,185.72000122070312,23032400,GOOG
2024-07-01,183.44459533691406,184.49000549316406,185.33999633789062,182.72999572753906,184.47999572753906,11815900,GOOG
2024-07-02,185.5525665283203,186.61000061035156,186.9499969482422,183.05999755859375,183.47000122070312,12555500,GOOG
2024-07-03,186.32814025878906,187.38999938964844,187.6199951171875,185.38499450683594,186.3000030517578,7409100,GOOG
2024-07-05,190.87225341796875,191.9600067138672,192.25999450683594,187.32000732421875,187.32000732421875,14303400,GOOG
2024-07-08,189.400634765625,190.47999572753906,191.6790008544922,189.32000732421875,191.36500549316406,12097600,GOOG
2024-07-09,189.36085510253906,190.44000244140625,192.86000061035156,190.22999572753906,191.75,10198500,GOOG
2024-07-10,191.5682830810547,192.66000366210938,193.30999755859375,190.6199951171875,190.75,12052900,GOOG
2024-07-11,186.2386474609375,187.3000030517578,192.41000366210938,186.82000732421875,191.33999633789062,16452000,GOOG
2024-07-12,185.72161865234375,186.77999877929688,188.69000244140625,186.13999938964844,186.9199981689453,14449100,GOOG
2024-07-15,187.1236114501953,188.19000244140625,189.89999389648438,186.49000549316406,186.49000549316406,12186000,GOOG
2024-07-16,184.44886779785156,185.5,190.33999633789062,185.1199951171875,188.9600067138672,12760100,GOOG
2024-07-17,181.58518981933594,182.6199951171875,185.22999572753906,181.6199951171875,184.67999267578125,17376600,GOOG
2024-07-18,178.20443725585938,179.22000122070312,184.0500030517578,178.2100067138672,183.5399932861328,17877200,GOOG
2024-07-19,178.37347412109375,179.38999938964844,181.97000122070312,178.86000061035156,180.3699951171875,14485900,GOOG
2024-07-22,182.31105041503906,183.35000610351562,184.3000030517578,181.89999389648438,182.35000610351562,16303900,GOOG
2024-07-23,182.55963134765625,183.60000610351562,185.22000122070312,183.3300018310547,183.83999633789062,23772600,GOOG
2024-07-24,173.3819122314453,174.3699951171875,177.9499969482422,173.57000732421875,175.38999938964844,31250700,GOOG
2024-07-25,168.2014617919922,169.16000366210938,175.1999969482422,169.0500030517578,174.25,28967900,GOOG
2024-07-26,167.7241668701172,168.67999267578125,169.83999633789062,165.86500549316406,168.77000427246094,25150100,GOOG
2024-07-29,170.16030883789062,171.1300048828125,172.16000366210938,169.72000122070312,170.5,13768900,GOOG
2024-07-30,170.88616943359375,171.86000061035156,172.9499969482422,170.1199951171875,171.8300018310547,13681400,GOOG
2024-07-31,172.16883850097656,173.14999389648438,175.91000366210938,171.72000122070312,174.9199981689453,15650200,GOOG
2024-08-01,171.47280883789062,172.4499969482422,175.67999267578125,170.50999450683594,171.97999572753906,17177800,GOOG
2024-08-02,167.4457550048828,168.39999389648438,170.2100067138672,166.38999938964844,168.19000244140625,18907800,GOOG
2024-08-05,159.72972106933594,160.63999938964844,165.94000244140625,156.60000610351562,157.3699951171875,34907800,GOOG
2024-08-06,159.63027954101562,160.5399932861328,162.35000610351562,158.1300048828125,160.94500732421875,36146500,GOOG
2024-08-07,159.839111328125,160.75,164.7899932861328,160.24000549316406,163.24000549316406,19334200,GOOG
2024-08-08,162.91159057617188,163.83999633789062,165.5,162.02999877929688,162.343994140625,15733600,GOOG
2024-08-09,164.45281982421875,165.38999938964844,165.52000427246094,160.92999267578125,161.64500427246094,13549200,GOOG
2024-08-12,163.02096557617188,163.9499969482422,166.6999969482422,163.5500030517578,165.9949951171875,12435000,GOOG
2024-08-13,164.98973083496094,165.92999267578125,166.5399932861328,164.77000427246094,165.18499755859375,12717600,GOOG
2024-08-14,161.1118621826172,162.02999877929688,164.9600067138672,159.52999877929688,164.2100067138672,22515900,GOOG
2024-08-15,162.24537658691406,163.1699981689453,163.52000427246094,161.49000549316406,162.2100067138672,18392500,GOOG
2024-08-16,163.80648803710938,164.74000549316406,166.9499969482422,163.0800018310547,163.41000366210938,16853100,GOOG
2024-08-19,167.4457550048828,168.39999389648438,168.47000122070312,166.08999633789062,167.0,13100800,GOOG
2024-08-20,168.00259399414062,168.9600067138672,170.41000366210938,168.66000366210938,168.74000549316406,12622500,GOOG
2024-08-21,166.6801300048828,167.6300048828125,168.63999938964844,166.57000732421875,166.99000549316406,15269600,GOOG
2024-08-22,164.55226135253906,165.49000549316406,169.4199981689453,165.02999877929688,169.0399932861328,19123800,GOOG
2024-08-23,166.48126220703125,167.42999267578125,167.9499969482422,165.66000366210938,166.5500030517578,14281600,GOOG
2024-08-26,166.97840881347656,167.92999267578125,169.3800048828125,166.32000732421875,168.15499877929688,11990300,GOOG
2024-08-27,165.43722534179688,166.3800048828125,168.2449951171875,166.16000366210938,167.61000061035156,13718200,GOOG
2024-08-28,163.56785583496094,164.5,167.38999938964844,163.27999877929688,166.77999877929688,15208700,GOOG
2024-08-29,162.47409057617188,163.39999389648438,167.6300048828125,161.98199462890625,166.05999755859375,17133800,GOOG
2024-08-30,164.1743927001953,165.11000061035156,165.27999877929688,163.41000366210938,164.22000122070312,18498800,GOOG
2024-09-03,157.71124267578125,158.61000061035156,163.3800048828125,157.85499572753906,163.31500244140625,26533100,GOOG
2024-09-04,156.91575622558594,157.80999755859375,160.39999389648438,157.44000244140625,158.0749969482422,17410700,GOOG
2024-09-05,157.70127868652344,158.60000610351562,161.01499938964844,157.52000427246094,157.77999877929688,14139500,GOOG
2024-09-06,151.2679443359375,152.1300048828125,159.22000122070312,151.93499755859375,158.69000244140625,24999100,GOOG
2024-09-09,148.88833618164062,149.5399932861328,154.63999938964844,148.1999969482422,153.6300048828125,28057700,GOOG
2024-09-10,149.35630798339844,150.00999450683594,152.3000030517578,149.54299926757812,151.4499969482422,20401800,GOOG
2024-09-11,151.4869842529297,152.14999389648438,152.47999572753906,148.6999969482422,151.08999633789062,18991500,GOOG
2024-09-12,154.86221313476562,155.5399932861328,155.61000061035156,153.5,154.80999755859375,20980800,GOOG
2024-09-13,157.6798858642578,158.3699951171875,159.27499389648438,156.11000061035156,156.36199951171875,16733900,GOOG
2024-09-16,158.29718017578125,158.99000549316406,159.24000549316406,157.61000061035156,158.3300018310547,14157600,GOOG
2024-09-17,159.58155822753906,160.27999877929688,161.58999633789062,159.41000366210938,160.08999633789062,12064800,GOOG
2024-09-18,160.1092529296875,160.80999755859375,161.6300048828125,159.66000366210938,160.85000610351562,16756500,GOOG
2024-09-19,162.52867126464844,163.24000549316406,164.99000549316406,162.52200317382812,164.82000732421875,17548200,GOOG
2024-09-20,163.9225616455078,164.63999938964844,164.75,163.17999267578125,164.52000427246094,46362700,GOOG
2024-09-23,162.35940551757812,163.07000732421875,166.61000061035156,162.9499969482422,165.33999633789062,15648400,GOOG
2024-09-24,162.9269256591797,163.63999938964844,164.5500030517578,162.02999877929688,164.25,18774100,GOOG
2024-09-25,162.27975463867188,162.99000549316406,164.2169952392578,162.77499389648438,162.97000122070312,13607900,GOOG
2024-09-26,163.11610412597656,163.8300018310547,165.5,163.5,165.02999877929688,18234500,GOOG
2024-09-27,164.56973266601562,165.2899932861328,166.97000122070312,163.8300018310547,163.91000366210938,13604300,GOOG
2024-09-30,166.46145629882812,167.19000244140625,167.36000061035156,164.63999938964844,164.77999877929688,14070100,GOOG
2024-10-01,167.68609619140625,168.4199981689453,170.44000244140625,165.89999389648438,168.86000061035156,18629500,GOOG
2024-10-02,166.5809326171875,167.30999755859375,168.8800048828125,166.25,167.75999450683594,12745000,GOOG
2024-10-03,166.48138427734375,167.2100067138672,167.91000366210938,165.3699951171875,165.82000732421875,11004300,GOOG
2024-10-04,167.8254852294922,168.55999755859375,169.5500030517578,166.9600067138672,169.33999633789062,11422100,GOOG
2024-10-07,163.67364501953125,164.38999938964844,169.89999389648438,164.1300048828125,169.13999938964844,14034700,GOOG
2024-10-08,164.97793579101562,165.6999969482422,166.10000610351562,164.30999755859375,165.42999267578125,11723900,GOOG
2024-10-09,162.3494415283203,163.05999755859375,166.25999450683594,161.1199951171875,164.85499572753906,19666400,GOOG
2024-10-10,162.4689178466797,163.17999267578125,164.31100463867188,161.63999938964844,162.11000061035156,12900500,GOOG
2024-10-11,163.8031005859375,164.52000427246094,165.27000427246094,162.5,163.3300018310547,10946000,GOOG
2024-10-14,165.6251220703125,166.35000610351562,167.6199951171875,164.77999877929688,164.91000366210938,9981800,GOOG
2024-10-15,166.17271423339844,166.89999389648438,169.08999633789062,166.0500030517578,167.13999938964844,14829300,GOOG
2024-10-16,166.01341247558594,166.74000549316406,167.27999877929688,165.21600341796875,166.02999877929688,9968500,GOOG
2024-10-17,163.79312133789062,164.50999450683594,167.92999267578125,164.3699951171875,167.3800048828125,15113400,GOOG
2024-10-18,164.33078002929688,165.0500030517578,166.3699951171875,164.75,164.8699951171875,13091300,GOOG
2024-10-21,165.0775146484375,165.8000030517578,166.22000122070312,164.30499267578125,164.5800018310547,11384000,GOOG
2024-10-22,166.0930633544922,166.82000732421875,167.47000122070312,164.6699981689453,164.6999969482422,11958600,GOOG
2024-10-23,163.7632598876953,164.47999572753906,167.60000610351562,163.63299560546875,166.42999267578125,12754300,GOOG
2024-10-24,163.81304931640625,164.52999877929688,165.0500030517578,162.77000427246094,164.58999633789062,12764400,GOOG
2024-10-25,166.26231384277344,166.99000549316406,167.39999389648438,165.22999572753906,165.36500549316406,14566400,GOOG
2024-10-28,167.6064453125,168.33999633789062,170.6060028076172,165.7899932861328,170.58999633789062,20858300,GOOG
2024-10-29,170.39422607421875,171.13999938964844,171.86000061035156,168.66000366210938,169.38499450683594,28916100,GOOG
2024-10-30,175.37245178222656,176.13999938964844,183.7899932861328,175.7449951171875,182.41000366210938,49698300,GOOG
2024-10-31,171.9375,172.69000244140625,178.4199981689453,172.55999755859375,174.72000122070312,32801900,GOOG
2024-11-01,171.8976593017578,172.64999389648438,173.82000732421875,170.30999755859375,171.5399932861328,21752900,GOOG
2024-11-04,169.93621826171875,170.67999267578125,171.9199981689453,169.48500061035156,171.24000549316406,16194000,GOOG
2024-11-05,170.66305541992188,171.41000366210938,172.0970001220703,170.3699951171875,170.8300018310547,12518300,GOOG
2024-11-06,177.5529022216797,178.3300018310547,178.63999938964844,175.0399932861328,175.35000610351562,27061500,GOOG
2024-11-07,181.48570251464844,182.27999877929688,182.5800018310547,178.88999938964844,179.11000061035156,16730400,GOOG
2024-11-08,179.0762481689453,179.86000061035156,182.35000610351562,179.57000732421875,182.0,15021500,GOOG
2024-11-11,181.1770477294922,181.97000122070312,182.0850067138672,179.99000549316406,180.07000732421875,12503400,GOOG
2024-11-12,182.52117919921875,183.32000732421875,184.02499389648438,180.99000549316406,181.3800048828125,14065800,GOOG
2024-11-13,179.70350646972656,180.49000549316406,182.61500549316406,180.1199951171875,182.14999389648438,13969700,GOOG
2024-11-14,176.57717895507812,177.35000610351562,180.44500732421875,176.02999877929688,179.75,17925800,GOOG
2024-11-15,173.1322479248047,173.88999938964844,175.8800048828125,172.7449951171875,175.63999938964844,21708900,GOOG
2024-11-18,176.0295867919922,176.8000030517578,176.91000366210938,174.4199981689453,174.9550018310547,18662800,GOOG
2024-11-19,178.7974395751953,179.5800018310547,180.1699981689453,175.11599731445312,175.23500061035156,15392900,GOOG
2024-11-20,176.55726623535156,177.3300018310547,179.11000061035156,175.3300018310547,178.8300018310547,15729800,GOOG
2024-11-21,168.5025177001953,169.24000549316406,175.5800018310547,165.30999755859375,175.4550018310547,38839400,GOOG
2024-11-22,165.84417724609375,166.57000732421875,168.26499938964844,165.7100067138672,167.16000366210938,24497000,GOOG
2024-11-25,168.69168090820312,169.42999267578125,170.4600067138672,167.39999389648438,167.99000549316406,21395700,GOOG
2024-11-26,169.87649536132812,170.6199951171875,171.4949951171875,169.42999267578125,169.49000549316406,14937500,GOOG
2024-11-27,170.0756378173828,170.82000732421875,171.13999938964844,169.6699981689453,170.67999267578125,12433400,GOOG
2024-11-29,169.7470703125,170.49000549316406,170.8699951171875,168.75,170.05999755859375,9250700,GOOG
2024-12-02,172.22622680664062,172.97999572753906,173.60000610351562,170.27000427246094,170.32000732421875,16593400,GOOG
2024-12-03,172.26605224609375,173.02000427246094,174.32000732421875,172.50999450683594,173.1199951171875,15721500,GOOG
2024-12-04,175.32266235351562,176.08999633789062,176.42999267578125,172.75,172.77999877929688,18239800,GOOG
2024-12-05,173.55043029785156,174.30999755859375,177.7100067138672,174.00999450683594,177.32000732421875,16145500,GOOG
2024-12-06,175.720947265625,176.49000549316406,176.83900451660156,173.5500030517578,173.8800048828125,13319500,GOOG
2024-12-09,176.52830505371094,177.10000610351562,178.0399932861328,175.39999389648438,175.71499633789062,19887800,GOOG
2024-12-10,185.92787170410156,186.52999877929688,188.02999877929688,182.6699981689453,184.53500366210938,34317400,GOOG
2024-12-11,196.07501220703125,196.7100067138672,196.88999938964844,186.25999450683594,186.6999969482422,41664500,GOOG
2024-12-12,193.00494384765625,193.6300048828125,196.7050018310547,193.27999877929688,196.3000030517578,25197800,GOOG
2024-12-13,190.76222229003906,191.3800048828125,194.33999633789062,191.25999450683594,192.7100067138672,18883200,GOOG
2024-12-16,197.52032470703125,198.16000366210938,200.63999938964844,194.11000061035156,194.36500549316406,32248600,GOOG
2024-12-17,196.48367309570312,197.1199951171875,202.8800048828125,196.69000244140625,198.52999877929688,24129500,GOOG
2024-12-18,189.53616333007812,190.14999389648438,198.69000244140625,189.27999877929688,196.8300018310547,27638400,GOOG
2024-12-19,189.087646484375,189.6999969482422,194.60000610351562,189.52000427246094,193.27999877929688,26981200,GOOG
2024-12-20,192.3371124267578,192.9600067138672,194.13499450683594,186.3699951171875,187.00999450683594,45319700,GOOG
2024-12-23,195.35733032226562,195.99000549316406,196.49000549316406,191.6300048828125,194.02999877929688,15235900,GOOG
2024-12-24,196.9322509765625,197.57000732421875,197.6699981689453,195.197998046875,196.1699981689453,6809800,GOOG
2024-12-26,196.46376037597656,197.10000610351562,198.16000366210938,195.8699951171875,196.74000549316406,7907900,GOOG
2024-12-27,193.4136199951172,194.0399932861328,196.8000030517578,191.9720001220703,196.47000122070312,14693000,GOOG
2024-12-30,192.0679931640625,192.69000244140625,193.77999877929688,190.36000061035156,190.86500549316406,12209500,GOOG
2024-12-31,189.8252410888672,190.44000244140625,193.25,189.5800018310547,192.44500732421875,14355200,GOOG
2025-01-02,190.01463317871094,190.6300048828125,193.1999969482422,188.7100067138672,191.48500061035156,17545200,GOOG
2025-01-03,192.50656127929688,193.1300048828125,194.5,191.35000610351562,192.72500610351562,12875000,GOOG
2025-01-06,197.32098388671875,197.9600067138672,199.55999755859375,195.05999755859375,195.14999389648438,19483300,GOOG
2025-01-07,196.07501220703125,196.7100067138672,202.13999938964844,195.94000244140625,198.27000427246094,16966800,GOOG
2025-01-08,194.75926208496094,195.38999938964844,197.63999938964844,193.75,193.9499969482422,14335300,GOOG
2025-01-10,192.5464324951172,193.1699981689453,197.6199951171875,191.60000610351562,195.4199981689453,20753800,GOOG
2025-01-13,191.66925048828125,192.2899932861328,192.49000549316406,188.66000366210938,191.35000610351562,13169100,GOOG
2025-01-14,190.43328857421875,191.0500030517578,193.27000427246094,189.63999938964844,192.5,13651200,GOOG
2025-01-15,196.34413146972656,196.97999572753906,197.8000030517578,193.3300018310547,194.35000610351562,12894900,GOOG
2025-01-16,193.7824249267578,194.41000366210938,196.97999572753906,194.3000030517578,195.8249969482422,13449600,GOOG
2025-01-17,196.91229248046875,197.5500030517578,198.80999755859375,195.30999755859375,198.0500030517578,22109100,GOOG
2025-01-21,198.98558044433594,199.6300048828125,203.83999633789062,199.44000244140625,200.50999450683594,19005200,GOOG
2025-01-22,199.38429260253906,200.02999877929688,202.1199951171875,199.1999969482422,200.5500030517578,15477400,GOOG
2025-01-23,198.9357452392578,199.5800018310547,201.94000244140625,196.82000732421875,199.97999572753906,15170800,GOOG
2025-01-24,201.24826049804688,201.89999389648438,202.57000732421875,199.78399658203125,199.85000610351562,12732400,GOOG
2025-01-27,193.14450073242188,193.77000427246094,198.6699981689453,192.6999969482422,194.19000244140625,24970200,GOOG
2025-01-28,196.43385314941406,197.07000732421875,197.22999572753906,192.61000061035156,194.64999389648438,15939200,GOOG
2025-01-29,196.54347229003906,197.17999267578125,198.4600067138672,195.19000244140625,197.3699951171875,12287800,GOOG
2025-01-30,201.97589111328125,202.6300048828125,203.23800659179688,199.4720001220703,199.75999450683594,14571500,GOOG
2025-01-31,204.93630981445312,205.60000610351562,207.0800018310547,203.5800018310547,203.71499633789062,17060300,GOOG
2025-02-03,201.98585510253906,202.63999938964844,205.22000122070312,201.66000366210938,202.21499633789062,16719500,GOOG
2025-02-04,207.0395050048828,207.7100067138672,208.6999969482422,204.25999450683594,204.5,28285400,GOOG
2025-02-05,192.67601013183594,193.3000030517578,194.5500030517578,189.91000366210938,193.10000610351562,43666400,GOOG
2025-02-06,192.68597412109375,193.30999755859375,193.8300018310547,190.49000549316406,190.99000549316406,20816600,GOOG
2025-02-07,186.535888671875,187.13999938964844,193.01499938964844,185.10000610351562,192.74000549316406,29565700,GOOG
2025-02-10,187.59246826171875,188.1999969482422,189.99000549316406,187.61000061035156,189.05999755859375,16606000,GOOG
2025-02-11,186.46612548828125,187.07000732421875,188.8000030517578,186.0800018310547,186.8350067138672,13028100,GOOG
2025-02-12,184.83140563964844,185.42999267578125,186.8300018310547,183.6300048828125,185.22999572753906,17632300,GOOG
2025-02-13,187.2735137939453,187.8800048828125,187.99000549316406,184.8800048828125,185.92999267578125,12729300,GOOG
2025-02-14,186.2667694091797,186.8699951171875,188.14999389648438,186.11000061035156,186.8300018310547,12714200,GOOG
2025-02-18,185.20022583007812,185.8000030517578,187.77999877929688,183.5800018310547,187.44000244140625,19796000,GOOG
2025-02-19,186.52593994140625,187.1300048828125,187.36000061035156,185.5,186.18499755859375,13120500,GOOG
2025-02-20,186.0375213623047,186.63999938964844,187.1199951171875,184.60000610351562,186.5,12063800,GOOG
2025-02-21,180.99383544921875,181.5800018310547,187.47000122070312,181.1300048828125,187.2899932861328,19520800,GOOG
2025-02-24,180.6051025390625,181.19000244140625,185.08999633789062,180.8800048828125,183.8000030517578,18734000,GOOG
2025-02-25,176.7974395751953,177.3699951171875,180.75999450683594,176.77000427246094,180.15499877929688,20832500,GOOG
2025-02-26,174.1360626220703,174.6999969482422,178.0800018310547,173.58999633789062,176.94500732421875,23637200,GOOG
2025-02-27,169.66055297851562,170.2100067138672,176.58999633789062,169.7519989013672,175.94000244140625,25930500,GOOG
2025-02-28,171.6640625,172.22000122070312,172.5,168.38999938964844,170.3000030517578,30049800,GOOG
2025-03-03,168.11557006835938,168.66000366210938,175.0,167.63999938964844,173.72999572753906,24122000,GOOG
2025-03-04,172.0528106689453,172.61000061035156,175.1649932861328,167.5399932861328,167.94000244140625,30711400,GOOG
2025-03-05,174.42514038085938,174.99000549316406,175.75,170.92999267578125,172.32000732421875,18848000,GOOG
2025-03-06,173.64764404296875,174.2100067138672,176.72999572753906,172.50799560546875,172.5500030517578,19082400,GOOG
2025-03-07,175.1826629638672,175.75,176.89999389648438,172.25,173.24200439453125,16395300,GOOG
2025-03-10,167.4588623046875,167.80999755859375,170.4499969482422,165.56500244140625,170.16000366210938,28990700,GOOG
2025-03-11,165.63267517089844,165.97999572753906,168.65499877929688,163.24000549316406,166.67999267578125,23705900,GOOG
2025-03-12,168.64637756347656,169.0,169.52999877929688,165.47999572753906,168.47000122070312,19880100,GOOG
2025-03-13,164.3852996826172,164.72999572753906,168.1199951171875,164.07000732421875,167.97999572753906,15206200,GOOG
2025-03-14,167.2692413330078,167.6199951171875,168.25,164.50999450683594,165.31500244140625,18611100,GOOG
2025-03-17,166.22146606445312,166.57000732421875,168.4600067138672,165.80999755859375,167.3249969482422,17839100,GOOG
2025-03-18,162.32962036132812,162.6699981689453,166.44000244140625,158.8000030517578,165.9600067138672,24616800,GOOG
2025-03-19,165.93206787109375,166.27999877929688,168.13299560546875,163.0500030517578,163.9149932861328,24955700,GOOG
2025-03-20,164.70465087890625,165.0500030517578,167.02999877929688,163.13999938964844,163.8249969482422,19981500,GOOG
2025-03-21,165.90211486816406,166.25,166.47000122070312,163.02999877929688,163.3800048828125,29882100,GOOG
2025-03-24,169.5744171142578,169.92999267578125,170.5,167.44000244140625,169.26499938964844,18742800,GOOG
2025-03-25,172.42843627929688,172.7899932861328,172.91000366210938,170.5500030517578,171.17999267578125,13841600,GOOG
2025-03-26,166.79025268554688,167.13999938964844,171.94000244140625,166.86099243164062,171.3000030517578,22498000,GOOG
2025-03-27,163.73666381835938,164.0800018310547,167.44000244140625,163.85000610351562,166.7100067138672,21571200,GOOG
2025-03-28,155.7334442138672,156.05999755859375,163.80999755859375,155.33900451660156,162.36000061035156,34866500,GOOG
2025-03-31,155.90309143066406,156.22999572753906,157.1300048828125,152.2100067138672,154.80999755859375,33591600,GOOG
2025-04-01,158.5475616455078,158.8800048828125,160.0800018310547,155.2550048828125,155.3000030517578,20111400,GOOG
2025-04-02,158.527587890625,158.86000061035156,160.27499389648438,156.52999877929688,156.9600067138672,17113300,GOOG
2025-04-03,152.31063842773438,152.6300048828125,154.68699645996094,152.17999267578125,152.8350067138672,28416100,GOOG
2025-04-04,147.4308624267578,147.74000549316406,153.08999633789062,147.5399932861328,149.89999389648438,39832200,GOOG
2025-04-07,148.92771911621094,149.24000549316406,154.92999267578125,142.66000366210938,143.38999938964844,47823000,GOOG
2025-04-08,146.27328491210938,146.5800018310547,154.44000244140625,145.2100067138672,153.5749969482422,35304400,GOOG
2025-04-09,160.7229766845703,161.05999755859375,161.8699951171875,145.80999755859375,146.3300018310547,46479500,GOOG
2025-04-10,155.0448760986328,155.3699951171875,160.02999877929688,152.1999969482422,158.75999450683594,35270500,GOOG
2025-04-11,159.0664520263672,159.39999389648438,159.86000061035156,155.5850067138672,155.5850067138672,22582000,GOOG
2025-04-14,161.1321258544922,161.47000122070312,164.02999877929688,159.9199981689453,162.30999755859375,18255900,GOOG
2025-04-15,158.34796142578125,158.67999267578125,162.0500030517578,157.64500427246094,161.57000732421875,15690800,GOOG
2025-04-16,155.17462158203125,155.5,158.17999267578125,153.91000366210938,155.47000122070312,16921500,GOOG
2025-04-17,153.03909301757812,153.36000061035156,157.07000732421875,150.89999389648438,156.61000061035156,19513400,GOOG
2025-04-21,149.5464324951172,149.86000061035156,151.05999755859375,148.39999389648438,150.96499633789062,16147800,GOOG
2025-04-22,153.5779571533203,153.89999389648438,154.61000061035156,150.8699951171875,151.07000732421875,15910300,GOOG
2025-04-23,157.38998413085938,157.72000122070312,160.02000427246094,156.35000610351562,157.91000366210938,18575700,GOOG
2025-04-24,161.1321258544922,161.47000122070312,161.7100067138672,158.08999633789062,158.52499389648438,30787500,GOOG
2025-04-25,163.5071563720703,163.85000610351562,168.24000549316406,163.0,167.10000610351562,35148100,GOOG
2025-04-28,162.08013916015625,162.4199981689453,164.9499969482422,160.3800048828125,164.25999450683594,20871200,GOOG
2025-04-29,161.7209014892578,162.05999755859375,162.67999267578125,159.38999938964844,162.0449981689453,15955200,GOOG
2025-04-30,160.5533447265625,160.88999938964844,161.37399291992188,157.15499877929688,159.86000061035156,20639500,GOOG
2025-05-01,162.44935607910156,162.7899932861328,163.94000244140625,160.92999267578125,162.52000427246094,21904300,GOOG
2025-05-02,165.46304321289062,165.80999755859375,166.6999969482422,163.66000366210938,164.9550018310547,16844900,GOOG
2025-05-05,165.70254516601562,166.0500030517578,167.10000610351562,164.47000122070312,164.51499938964844,15309300,GOOG
2025-05-06,164.8543243408203,165.1999969482422,166.74000549316406,163.1300048828125,163.9600067138672,10691900,GOOG
2025-05-07,152.4802703857422,152.8000030517578,166.99000549316406,149.49000549316406,166.07000732421875,78729800,GOOG
2025-05-08,155.42410278320312,155.75,157.41000366210938,154.10000610351562,155.9199981689453,38387500,GOOG
2025-05-09,154.0569610595703,154.3800048828125,156.42999267578125,153.8300018310547,155.5500030517578,22871000,GOOG
2025-05-12,159.24609375,159.5800018310547,160.44000244140625,157.88999938964844,159.10000610351562,31884900,GOOG
2025-05-13,160.5533447265625,160.88999938964844,162.05999755859375,157.5800018310547,159.9199981689453,24944300,GOOG
2025-05-14,166.46095275878906,166.80999755859375,168.33999633789062,160.92999267578125,161.30999755859375,31769200,GOOG
2025-05-15,165.05389404296875,165.39999389648438,167.50999450683594,163.83999633789062,167.13999938964844,22717600,GOOG
2025-05-16,167.0796356201172,167.42999267578125,170.64999389648438,166.9499969482422,168.92999267578125,36271400,GOOG
2025-05-19,167.51873779296875,167.8699951171875,167.9499969482422,165.4149932861328,165.71499633789062,21374700,GOOG
2025-05-20,164.9740753173828,165.32000732421875,169.67999267578125,164.25999450683594,167.75999450683594,33563300,GOOG
2025-05-21,169.70416259765625,170.05999755859375,174.52999877929688,164.88999938964844,164.9499969482422,45567600,GOOG
2025-05-22,171.62013244628906,171.97999572753906,178.1300048828125,171.8800048828125,173.35000610351562,45024100,GOOG
2025-05-23,169.23513793945312,169.58999633789062,171.2050018310547,169.25999450683594,170.27999877929688,24963600,GOOG
2025-05-27,173.61595153808594,173.97999572753906,174.2899932861328,171.2100067138672,171.3000030517578,24341300,GOOG
2025-05-28,173.0172119140625,173.3800048828125,176.47999572753906,173.01499938964844,173.97999572753906,25999200,GOOG
2025-05-29,172.5980987548828,172.9600067138672,175.39999389648438,171.77999877929688,175.0,21174700,GOOG
2025-05-30,172.48831176757812,172.85000610351562,173.44000244140625,168.52499389648438,172.41000366210938,36258300,GOOG
2025-06-02,170.01348876953125,170.3699951171875,171.06199645996094,168.64999389648438,169.00999450683594,24742900,GOOG
2025-06-03,167.35906982421875,167.7100067138672,169.8000030517578,166.67999267578125,168.86500549316406,25386700,GOOG
2025-06-04,169.03555297851562,169.38999938964844,169.5800018310547,167.7949981689453,168.27999877929688,18508700,GOOG
2025-06-05,169.4546661376953,169.80999755859375,172.36000061035156,169.35000610351562,171.6199951171875,25375400,GOOG
2025-06-06,174.55398559570312,174.9199981689453,175.8300018310547,172.3000030517578,172.3000030517578,22258100,GOOG
2025-06-09,177.47137451171875,177.6300048828125,177.9149932861328,175.66000366210938,175.8699951171875,18817600,GOOG
2025-06-10,179.8492431640625,180.00999450683594,182.44500732421875,176.47500610351562,177.75999450683594,32908000,GOOG
2025-06-11,178.63034057617188,178.7899932861328,181.75,178.0,181.22999572753906,18994400,GOOG
2025-06-12,176.8119659423828,176.97000122070312,178.1300048828125,176.11000061035156,177.47999572753906,17345900,GOOG
2025-06-13,175.7229461669922,175.8800048828125,178.34300231933594,173.57000732421875,173.5800018310547,20873200,GOOG
2025-06-16,177.78109741210938,177.94000244140625,178.2449951171875,175.82000732421875,175.90499877929688,18132500,GOOG
2025-06-17,177.0717315673828,177.22999572753906,178.71499633789062,175.94000244140625,177.0,17656100,GOOG
2025-06-18,173.8246307373047,173.97999572753906,177.82400512695312,172.83999633789062,177.27999877929688,32531800,GOOG
2025-06-20,167.58021545410156,167.72999572753906,175.36500549316406,166.27000427246094,174.86500549316406,55402600,GOOG
2025-06-23,165.86175537109375,166.00999450683594,168.47999572753906,163.3300018310547,167.32000732421875,36975600,GOOG
2025-06-24,167.5902099609375,167.74000549316406,169.25,166.91000366210938,167.68499755859375,27310300,GOOG
2025-06-25,171.3368682861328,171.49000549316406,173.36000061035156,168.56100463867188,168.64999389648438,23627400,GOOG
2025-06-26,174.27423095703125,174.42999267578125,174.64999389648438,170.86000061035156,173.38499450683594,25909100,GOOG
2025-06-27,178.11080932617188,178.27000427246094,178.83999633789062,172.7100067138672,174.6300048828125,74053100,GOOG
2025-06-30,177.23159790039062,177.38999938964844,181.5800018310547,175.5,180.78500366210938,43964600,GOOG
2025-07-01,176.7520294189453,176.91000366210938,177.22000122070312,174.66000366210938,176.80499267578125,25778500,GOOG
2025-07-02,179.59947204589844,179.75999450683594,179.93499755859375,176.08999633789062,176.5449981689453,19325900,GOOG
2025-07-03,180.38877868652344,180.5500030517578,180.77000427246094,178.19000244140625,179.82000732421875,13287400,GOOG
2025-07-07,177.4014434814453,177.55999755859375,180.33999633789062,176.63999938964844,180.13499450683594,20991400,GOOG
2025-07-08,175.0035858154297,175.16000366210938,178.7899932861328,173.9199981689453,178.77999877929688,24108600,GOOG
2025-07-09,177.50135803222656,177.66000366210938,180.27999877929688,173.8800048828125,176.11000061035156,31288000,GOOG
2025-07-10,178.54042053222656,178.6999969482422,179.58999633789062,175.74000549316406,176.6699981689453,24693700,GOOG
2025-07-11,181.14808654785156,181.30999755859375,182.61000061035156,177.54100036621094,177.91000366210938,23975700,GOOG
2025-07-14,182.64674377441406,182.80999755859375,184.72999572753906,180.71099853515625,182.07000732421875,20990400,GOOG
2025-07-15,182.93649291992188,183.10000610351562,185.41000366210938,182.38999938964844,183.94000244140625,23911600,GOOG
2025-07-16,183.60589599609375,183.77000427246094,185.3350067138672,183.0800018310547,184.32000732421875,21152600,GOOG
2025-07-17,184.53506469726562,184.6999969482422,185.18699645996094,181.5,183.11500549316406,21654400,GOOG
2025-07-18,185.77395629882812,185.94000244140625,187.36000061035156,184.72999572753906,186.6199951171875,21033400,GOOG
2025-07-21,190.9792938232422,191.14999389648438,191.25999450683594,187.0500030517578,187.10000610351562,24665000,GOOG
2025-07-22,191.93844604492188,192.11000061035156,193.36000061035156,188.4949951171875,192.4199981689453,26212900,GOOG
2025-07-23,191.33897399902344,191.50999450683594,193.36000061035156,190.17999267578125,192.36000061035156,34068100,GOOG
2025-07-24,193.0274658203125,193.1999969482422,198.97000122070312,191.9499969482422,198.11000061035156,45252100,GOOG
2025-07-25,193.9066925048828,194.0800018310547,195.27499389648438,192.1300048828125,192.92999267578125,31101800,GOOG
2025-07-28,193.2472686767578,193.4199981689453,194.82000732421875,191.85499572753906,194.41000366210938,25553500,GOOG
2025-07-29,196.25457763671875,196.42999267578125,196.66000366210938,192.99000549316406,193.3000030517578,31891600,GOOG
2025-07-30,197.26368713378906,197.44000244140625,198.47999572753906,195.55999755859375,196.3000030517578,21150500,GOOG
2025-07-31,192.68777465820312,192.86000061035156,196.8300018310547,192.0800018310547,196.60000610351562,27852000,GOOG
2025-08-01,189.78036499023438,189.9499969482422,191.6179962158203,188.6999969482422,189.77999877929688,21236700,GOOG
2025-08-04,195.5751953125,195.75,196.0800018310547,190.9199981689453,191.1750030517578,23386000,GOOG
2025-08-05,195.1455841064453,195.32000732421875,198.6999969482422,194.6750030517578,195.5449981689453,19010200,GOOG
2025-08-06,196.74415588378906,196.9199981689453,197.3800048828125,194.4669952392578,195.25,15383700,GOOG
2025-08-07,197.10382080078125,197.27999877929688,198.3699951171875,195.22000122070312,197.7100067138672,14660600,GOOG
2025-08-08,201.90953063964844,202.08999633789062,203.42999267578125,197.89999389648438,197.97999572753906,24379900,GOOG
2025-08-11,201.449951171875,201.6300048828125,202.16000366210938,199.8000030517578,201.55499267578125,16690200,GOOG
2025-08-12,203.97769165039062,204.16000366210938,205.1300048828125,201.39999389648438,202.09500122070312,19854000,GOOG
2025-08-13,202.84869384765625,203.02999877929688,205.42999267578125,198.63999938964844,204.97999572753906,19573000,GOOG
2025-08-14,203.63800048828125,203.82000732421875,205.4199981689453,202.3249969482422,202.55999755859375,17777100,GOOG
2025-08-15,204.72702026367188,204.91000366210938,207.3300018310547,202.0850067138672,204.72000122070312,21111400,GOOG
2025-08-18,204.10755920410156,204.2899932861328,206.13999938964844,203.41000366210938,205.07000732421875,13000200,GOOG
2025-08-19,202.30918884277344,202.49000549316406,204.2899932861328,200.92999267578125,203.90499877929688,13476600,GOOG
2025-08-20,200.01123046875,200.19000244140625,202.1699981689453,197.4600067138672,201.67999267578125,13971700,GOOG
2025-08-21,200.4408416748047,200.6199951171875,203.36000061035156,200.39999389648438,200.72000122070312,11768900,GOOG
2025-08-22,206.535400390625,206.72000122070312,209.22999572753906,202.1300048828125,203.9600067138672,25723700,GOOG
2025-08-25,208.9732208251953,209.16000366210938,211.08999633789062,205.9499969482422,207.0,22788800,GOOG
2025-08-26,207.76429748535156,207.9499969482422,208.4600067138672,206.4499969482422,208.3699951171875,23051000,GOOG
2025-08-27,208.02407836914062,208.2100067138672,209.57000732421875,206.38999938964844,206.4600067138672,15249000,GOOG
2025-08-28,212.1803436279297,212.3699951171875,212.89999389648438,207.60000610351562,207.83999633789062,20915700,GOOG
2025-08-29,213.3393096923828,213.52999877929688,215.33999633789062,210.97000122070312,211.27000427246094,24682200,GOOG
2025-09-02,211.8007049560547,211.99000549316406,212.36900329589844,206.9600067138672,208.99000549316406,28900100,GOOG
2025-09-03,230.8936309814453,231.10000610351562,231.8000030517578,225.1199951171875,226.47999572753906,72250300,GOOG
2025-09-04,232.45223999023438,232.66000366210938,232.77000427246094,226.75999450683594,230.15499877929688,32196000,GOOG
2025-09-05,234.95999145507812,235.1699981689453,236.1300048828125,232.3800048828125,232.66000366210938,26127700,GOOG
2025-09-08,234.16000366210938,234.16000366210938,238.39999389648438,233.72999572753906,235.7899932861328,23128800,GOOG
2025-09-09,239.94000244140625,239.94000244140625,240.58999633789062,233.3800048828125,234.19000244140625,22854800,GOOG
2025-09-10,239.55999755859375,239.55999755859375,242.0800018310547,238.11000061035156,239.25,19990100,GOOG
2025-09-11,240.77999877929688,240.77999877929688,242.57000732421875,236.5800018310547,240.13999938964844,21308600,GOOG
2025-09-12,241.3800048828125,241.3800048828125,242.42300415039062,238.5,240.8000030517578,14536600,GOOG
2025-09-15,251.75999450683594,251.75999450683594,252.75,244.97999572753906,245.13999938964844,29935200,GOOG
2025-09-16,251.4199981689453,251.4199981689453,253.22999572753906,249.71499633789062,252.3300018310547,24493500,GOOG
2025-09-17,249.85000610351562,249.85000610351562,251.9499969482422,246.5800018310547,251.4600067138672,20491300,GOOG
2025-09-18,252.3300018310547,252.3300018310547,254.13999938964844,250.11000061035156,251.86000061035156,21166400,GOOG
2025-09-19,255.24000549316406,255.24000549316406,256.70001220703125,252.0679931640625,253.39999389648438,41616800,GOOG
2025-09-22,252.8800048828125,252.8800048828125,256.30999755859375,250.80999755859375,254.77999877929688,20079000,GOOG
2025-09-23,252.33999633789062,252.33999633789062,254.77000427246094,251.08999633789062,253.65499877929688,17521100,GOOG
2025-09-24,247.8300018310547,247.8300018310547,252.9600067138672,247.22000122070312,252.14999389648438,16958500,GOOG
2025-09-25,246.57000732421875,246.57000732421875,247.31500244140625,241.64999389648438,244.83999633789062,17379800,GOOG
2025-09-26,247.17999267578125,247.17999267578125,250.1199951171875,246.63999938964844,247.78500366210938,16594600,GOOG
2025-09-29,244.36000061035156,244.36000061035156,251.6479949951172,243.1999969482422,248.27499389648438,23157200,GOOG
2025-09-30,243.5500030517578,243.5500030517578,243.6750030517578,239.5709991455078,243.05999755859375,22541200,GOOG
2025-10-01,245.5399932861328,245.5399932861328,247.14999389648438,239.1999969482422,241.17999267578125,23967700,GOOG
2025-10-02,246.42999267578125,246.42999267578125,247.63499450683594,243.10499572753906,245.63999938964844,20657500,GOOG
2025-10-03,246.4499969482422,246.4499969482422,247.1179962158203,242.47000122070312,245.22999572753906,19941400,GOOG
2025-10-06,251.50999450683594,251.50999450683594,252.1999969482422,245.69000244140625,245.77999877929688,18309000,GOOG
2025-10-07,247.1300048828125,247.1300048828125,251.5500030517578,246.80999755859375,248.92999267578125,13811200,GOOG
2025-10-08,245.4600067138672,245.4600067138672,247.25999450683594,245.08999633789062,246.1999969482422,14136500,GOOG
2025-10-09,242.2100067138672,242.2100067138672,245.55499267578125,239.67999267578125,245.05999755859375,19375700,GOOG
2025-10-10,237.49000549316406,237.49000549316406,244.83999633789062,236.68499755859375,242.16000366210938,22449100,GOOG
2025-10-13,244.63999938964844,244.63999938964844,244.99000549316406,240.75,241.02999877929688,12465000,GOOG
2025-10-14,246.19000244140625,246.19000244140625,248.02499389648438,241.17799377441406,241.7550048828125,17705400,GOOG
2025-10-15,251.7100067138672,251.7100067138672,252.75999450683594,246.7899932861328,248.0850067138672,16048100,GOOG
2025-10-16,251.8800048828125,251.8800048828125,257.5799865722656,250.6699981689453,252.46499633789062,18946000,GOOG
2025-10-17,253.7899932861328,253.7899932861328,254.8800048828125,248.58999633789062,251.35000610351562,17586000,GOOG
